Suncor Énergie Inc.,Suncor Energy Inc.,2015-01-27,5215,Climate,Climate
Groupe Co-operators limitée,The Co-operators Group Ltd.,2015-01-21,5997,Climate,Climate
Groupe Co-operators limitée,The Co-operators Group Ltd.,2015-02-10,5997,Climate,Climate
Groupe Co-operators limitée,The Co-operators Group Ltd.,2015-02-24,5997,Climate,Climate
null,GREENPEACE CANADA,2015-03-06,61,Climate,Climate
Alliance des manufacturiers et des exportateurs du Canada (MEC),Alliance of Manufacturers & Exporters Canada (CME),2015-04-01,15791,Climate,Climate
null,PEMBINA INSTITUTE,2015-05-01,4669,Climate,Climate
Alliance des manufacturiers et des exportateurs du Canada (MEC),Alliance of Manufacturers & Exporters Canada (CME),2015-05-13,15791,Climate,Climate
Association Canadienne des Producteurs Pétroliers,Canadian Association of Petroleum Producers,2015-09-02,226641,Climate,Climate
Association Canadienne des Producteurs Pétroliers,Canadian Association of Petroleum Producers,2015-09-22,226641,Climate,Climate
Association Canadienne des Producteurs Pétroliers,Canadian Association of Petroleum Producers,2015-11-05,226641,Climate,Climate
Suncor Énergie Inc.,Suncor Energy Inc.,2015-11-18,5215,Climate,Climate
Suncor Énergie Inc.,Suncor Energy Inc.,2015-11-16,5215,Climate,Climate
Suncor Énergie Inc.,Suncor Energy Inc.,2015-11-17,5215,Climate,Climate
Suncor Énergie Inc.,Suncor Energy Inc.,2015-11-19,5215,Climate,Climate
Suncor Énergie Inc.,Suncor Energy Inc.,2015-11-19,5215,Climate,Climate
Association des produits forestiers du Canada,Forest Products Association of Canada,2015-12-17,136,Climate,Climate
null,Canadian Climate Forum,2015-12-18,353906,Climate,Climate
null,Canada Clean Fuels,2015-12-22,354087,Climate,Climate
Suncor Énergie Inc.,Suncor Energy Inc.,2015-12-04,5215,Climate,Climate
null,Vancouver Aquarium,2015-12-09,353272,Climate,Climate
null,Vancouver Aquarium,2015-12-14,353272,Climate,Climate
null,GREENPEACE CANADA,2015-11-23,61,Climate,Climate
null,GREENPEACE CANADA,2015-11-23,61,Climate,Climate
null,GREENPEACE CANADA,2015-12-01,61,Climate,Climate
null,GREENPEACE CANADA,2015-12-02,61,Climate,Climate
null,GREENPEACE CANADA,2015-12-04,61,Climate,Climate
null,GREENPEACE CANADA,2015-12-08,61,Climate,Climate
Suncor Énergie Inc.,Suncor Energy Inc.,2016-01-11,5215,Climate,Climate
null,Canadian Climate Forum,2016-01-14,353906,Climate,Climate
null,Canadian Climate Forum,2016-01-19,353906,Climate,Climate
null,Suncor Energy Inc.,2016-01-28,354266,Climate,Climate
Association des produits forestiers du Canada,Forest Products Association of Canada,2016-02-11,136,Climate,Climate
null,Innergex Renewable Energy Inc.,2016-02-18,352826,Climate,Climate
null,Innergex Renewable Energy Inc.,2016-02-18,352826,Climate,Climate
null,Innergex Renewable Energy Inc.,2016-02-18,352826,Climate,Climate
null,Innergex Renewable Energy Inc.,2016-02-19,352826,Climate,Climate
null,Innergex Renewable Energy Inc.,2016-02-19,352826,Climate,Climate
null,Innergex Renewable Energy Inc.,2016-02-19,352826,Climate,Climate
null,Innergex Renewable Energy Inc.,2016-02-18,352826,Climate,Climate
Association des produits forestiers du Canada,Forest Products Association of Canada,2016-02-23,136,Climate,Climate
null,ENMAX Corporation,2016-02-26,15758,Climate,Climate
null,Rio Tinto Aluminium,2016-02-03,220101,Climate,Climate
null,Rio Tinto Aluminium,2016-02-03,220101,Climate,Climate
null,GREENPEACE CANADA,2016-03-03,61,Climate,Climate
null,GREENPEACE CANADA,2016-03-15,61,Climate,Climate
null,Rio Tinto Canada Management Inc,2016-03-03,306985,Climate,Climate
A L'action,LeadNow Society,2016-02-29,318765,Climate,Climate
A L'action,LeadNow Society,2016-01-22,318765,Climate,Climate
A L'action,LeadNow Society,2016-02-19,318765,Climate,Climate
A L'action,LeadNow Society,2016-03-01,318765,Climate,Climate
A L'action,LeadNow Society,2016-03-15,318765,Climate,Climate
A L'action,LeadNow Society,2016-03-29,318765,Climate,Climate
Association canadienne du ciment,Cement Association of Canada,2016-03-17,333106,Climate,Climate
null,Canadian Climate Forum,2016-03-04,353906,Climate,Climate
null,PEMBINA INSTITUTE,2016-03-25,4669,Climate,Climate
null,Innergex Renewable Energy Inc.,2016-04-04,352826,Climate,Climate
null,Innergex Renewable Energy Inc.,2016-04-06,352826,Climate,Climate
null,Innergex Renewable Energy Inc.,2016-04-04,352826,Climate,Climate
Action Contre La Faim,Action Against Hunger Canada,2016-04-13,357317,Climate,Climate
Association des produits forestiers du Canada,Forest Products Association of Canada,2016-04-04,136,Climate,Climate
null,Shell Canada Limited,2016-03-03,6410,Climate,Climate
null,FortisBC,2016-04-13,357420,Climate,Climate
Suncor Énergie Inc.,Suncor Energy Inc.,2016-03-02,5215,Climate,Climate
null,The Toronto-Dominion Bank,2016-03-22,5329,Climate,Climate
Association des produits forestiers du Canada,Forest Products Association of Canada,2016-04-12,136,Climate,Climate
Association des produits forestiers du Canada,Forest Products Association of Canada,2016-04-15,136,Climate,Climate
Association des produits forestiers du Canada,Forest Products Association of Canada,2016-04-21,136,Climate,Climate
null,Carbon Engineering,2016-04-19,357421,Climate,Climate
null,Carbon Engineering,2016-04-19,357421,Climate,Climate
null,Carbon Engineering,2016-04-19,357421,Climate,Climate
null,Carbon Engineering,2016-04-21,357421,Climate,Climate
null,Canadian Climate Forum,2016-04-11,353906,Climate,Climate
Association des produits forestiers du Canada,Forest Products Association of Canada,2016-04-25,136,Climate,Climate
Association des produits forestiers du Canada,Forest Products Association of Canada,2016-04-27,136,Climate,Climate
Association canadienne des carburants,Canadian Fuels Association,2016-04-21,15673,Climate,Climate
null,WEST COAST ENVIRONMENTAL LAW ASSOCIATION,2016-04-28,12890,Climate,Climate
null,Canadian Natural Resources Limited,2016-04-07,286266,Climate,Climate
null,NextEra Canada Development LP,2016-04-05,355387,Climate,Climate
null,NextEra Canada Development LP,2016-04-05,355387,Climate,Climate
Suncor Énergie Inc.,Suncor Energy Inc.,2016-04-24,5215,Climate,Climate
null,Vancouver Aquarium,2016-04-06,353272,Climate,Climate
null,NEBC Resource Municipalities Coalition,2016-04-18,357528,Climate,Climate
null,NEBC Resource Municipalities Coalition,2016-04-18,357528,Climate,Climate
null,NEBC Resource Municipalities Coalition,2016-04-18,357528,Climate,Climate
null,NEBC Resource Municipalities Coalition,2016-04-18,357528,Climate,Climate
null,NEBC Resource Municipalities Coalition,2016-04-19,357528,Climate,Climate
null,Evok Innovations,2016-05-11,357774,Climate,Climate
null,FortisBC,2016-05-18,357420,Climate,Climate
null,FortisBC,2016-05-18,357420,Climate,Climate
null,FortisBC,2016-05-18,357420,Climate,Climate
null,Natural Resources Defense Council,2016-02-10,357113,Climate,Climate
null,Natural Resources Defense Council,2016-02-11,357113,Climate,Climate
null,FortisBC,2016-06-03,357420,Climate,Climate
null,FortisBC,2016-06-06,357420,Climate,Climate
null,FortisBC,2016-06-06,357420,Climate,Climate
null,FortisBC,2016-06-03,357420,Climate,Climate
null,Innergex Renewable Energy Inc.,2016-06-07,352826,Climate,Climate
null,Innergex Renewable Energy Inc.,2016-06-07,352826,Climate,Climate
null,Innergex Renewable Energy Inc.,2016-06-07,352826,Climate,Climate
null,Innergex Renewable Energy Inc.,2016-06-08,352826,Climate,Climate
null,Canadian Construction Innovations,2016-05-12,357137,Climate,Climate
null,Canadian Construction Innovations,2016-05-13,357137,Climate,Climate
null,Canadian Construction Innovations,2016-05-13,357137,Climate,Climate
null,Canadian Construction Innovations,2016-05-26,357137,Climate,Climate
null,NextEra Canada Development LP,2016-05-10,355387,Climate,Climate
null,NextEra Canada Development LP,2016-05-10,355387,Climate,Climate
null,NextEra Canada Development LP,2016-05-19,355387,Climate,Climate
null,NextEra Canada Development LP,2016-05-31,355387,Climate,Climate
null,"Covanta Burnaby Renewable Energy, ULC",2016-05-03,357516,Climate,Climate
null,"Covanta Burnaby Renewable Energy, ULC",2016-05-03,357516,Climate,Climate
null,"Covanta Burnaby Renewable Energy, ULC",2016-05-02,357516,Climate,Climate
null,"Covanta Burnaby Renewable Energy, ULC",2016-05-02,357516,Climate,Climate
null,Saskatchewan Power Corporation,2016-05-19,226822,Climate,Climate
null,Carbon Engineering,2016-06-08,357421,Climate,Climate
null,Carbon Engineering,2016-06-08,357421,Climate,Climate
null,Carbon Engineering,2016-06-08,357421,Climate,Climate
null,Carbon Engineering,2016-06-09,357421,Climate,Climate
null,Carbon Engineering,2016-06-09,357421,Climate,Climate
null,Carbon Engineering,2016-06-09,357421,Climate,Climate
null,Carbon Engineering,2016-06-09,357421,Climate,Climate
null,Carbon Engineering,2016-06-09,357421,Climate,Climate
null,PEMBINA INSTITUTE,2016-06-22,4669,Climate,Climate
null,NextEra Canada Development LP,2016-06-01,355387,Climate,Climate
null,NextEra Canada Development LP,2016-06-14,355387,Climate,Climate
null,NextEra Canada Development LP,2016-06-23,355387,Climate,Climate
null,NextEra Canada Development LP,2016-06-23,355387,Climate,Climate
null,Unifor,2016-06-06,664,Climate,Climate
Suncor Énergie Inc.,Suncor Energy Inc.,2016-06-06,5215,Climate,Climate
Suncor Énergie Inc.,Suncor Energy Inc.,2016-06-27,5215,Climate,Climate
null,Teck Resources Limited,2016-06-27,270204,Climate,Climate
null,Teck Resources Limited,2016-06-01,270204,Climate,Climate
null,Teck Resources Limited,2016-06-01,270204,Climate,Climate
Association canadienne de L'industrie de la chimie,Chemistry Industry Association of Canada,2016-06-16,568,Climate,Climate
Équiterre,null,2016-05-17,269143,Climate,Climat
Équiterre,null,2016-06-10,269143,Climate,Climat
Suncor Énergie Inc.,Suncor Energy Inc.,2016-07-06,5215,Climate,Climate
Suncor Énergie Inc.,Suncor Energy Inc.,2016-07-28,5215,Climate,Climate
La Corporation Trans Mountain,Trans Mountain Corporation,2016-07-06,357239,Climate,Climate
La Corporation Trans Mountain,Trans Mountain Corporation,2016-07-12,357239,Climate,Climate
null,TELUS Corporation,2016-08-17,235601,Climate,Climate
Terrestrial Energy Inc.,Terrestrial Energy Inc.,2016-08-18,357458,Climate,Climate
Le Fonds Atmosphérique,The Atmospheric Fund,2016-08-03,358099,Climate,Climate
Le Fonds Atmosphérique,The Atmospheric Fund,2016-08-25,358099,Climate,Climate
Le Fonds Atmosphérique,The Atmospheric Fund,2016-08-12,358099,Climate,Climate
null,Rio Tinto Canada Management Inc,2016-08-05,306985,Climate,Climate
null,FortisBC,2016-09-13,358367,Climate,Climate
null,FortisBC,2016-09-13,358367,Climate,Climate
Suncor Énergie Inc.,Suncor Energy Inc.,2016-08-03,5215,Climate,Climate
Suncor Énergie Inc.,Suncor Energy Inc.,2016-08-16,5215,Climate,Climate
null,S2E Technologies Inc.,2016-08-17,358299,Climate,Climate
Congrès du travail du Canada,Canadian Labour Congress,2016-08-23,367,Climate,Climate
null,Teck Resources Limited,2016-08-31,270204,Climate,Climate
null,ENMAX Corporation,2016-08-18,15758,Climate,Climate
null,PEMBINA INSTITUTE,2016-07-13,4669,Climate,Climate
null,PEMBINA INSTITUTE,2016-07-14,4669,Climate,Climate
null,Friends of the Greenbelt Foundation,2016-09-12,357438,Climate,Climate
null,CircuitMeter,2016-09-14,358378,Climate,Climate
null,Energy Storage Canada,2016-09-14,358175,Climate,Climate
null,Canada Clean Fuels,2016-09-14,354087,Climate,Climate
Association canadienne de L'hydroélectricité,Canadian Hydropower Association,2016-09-21,268603,Climate,Climate
Équiterre,null,2016-09-08,269143,Climate,Climat
Équiterre,null,2016-09-13,269143,Climate,Climat
Équiterre,null,2016-09-20,269143,Climate,Climat
Équiterre,null,2016-09-22,269143,Climate,Climat
Conseil du batiment durable au Canada,Canada Green Building Council,2016-09-21,357556,Climate,Climate
Conseil du batiment durable au Canada,Canada Green Building Council,2016-09-21,357556,Climate,Climate
Conseil du batiment durable au Canada,Canada Green Building Council,2016-09-21,357556,Climate,Climate
null,Canadian Climate Forum,2016-09-08,353906,Climate,Climate
Conseil du batiment durable au Canada,Canada Green Building Council,2016-09-28,357558,Climate,Climate
Conseil du batiment durable au Canada,Canada Green Building Council,2016-09-28,357558,Climate,Climate
Conseil du batiment durable au Canada,Canada Green Building Council,2016-09-28,357558,Climate,Climate
Conseil du batiment durable au Canada,Canada Green Building Council,2016-09-28,357558,Climate,Climate
null,ENMAX Corporation,2016-09-01,15758,Climate,Climate
null,ConocoPhillips Canada Resources Corp.,2016-09-19,225001,Climate,Climate
Conseil du batiment durable au Canada,Canada Green Building Council,2016-10-13,357556,Climate,Climate
Conseil du batiment durable au Canada,Canada Green Building Council,2016-09-20,357556,Climate,Climate
null,Teck Resources Limited,2016-09-20,270204,Climate,Climate
null,Teck Resources Limited,2016-09-13,270204,Climate,Climate
null,Teck Resources Limited,2016-09-13,270204,Climate,Climate
Conseil du bâtiment durable du Canada.,Canada Green Building Council,2016-09-07,237921,Climate,Climate
null,Friends of the Greenbelt Foundation,2016-09-12,357438,Climate,Climate
Conseil du bâtiment durable du Canada.,Canada Green Building Council,2016-09-20,237921,Climate,Climate
Conseil du bâtiment durable du Canada.,Canada Green Building Council,2016-09-28,237921,Climate,Climate
Conseil du bâtiment durable du Canada.,Canada Green Building Council,2016-09-30,237921,Climate,Climate
null,Friends of the Greenbelt Foundation,2016-09-21,357438,Climate,Climate
null,Friends of the Greenbelt Foundation,2016-09-21,357438,Climate,Climate
null,Friends of the Greenbelt Foundation,2016-09-21,357438,Climate,Climate
null,TransAlta Corporation,2016-09-22,357733,Climate,Climate
null,TransAlta Corporation,2016-09-22,357733,Climate,Climate
null,Energy Storage Canada,2016-10-18,358175,Climate,Climate
Industries Renouvelables Canada,Renewable Industries Canada,2016-10-13,357199,Climate,Climate
Association canadienne de L'hydroélectricité,Canadian Hydropower Association,2016-10-24,268603,Climate,Climate
Association canadienne de L'hydroélectricité,Canadian Hydropower Association,2016-10-26,268603,Climate,Climate
null,The Canadian Geothermal Energy Association (CanGEA),2016-10-05,358383,Climate,Climate
null,The Canadian Geothermal Energy Association (CanGEA),2016-10-03,358383,Climate,Climate
Équiterre,null,2016-10-28,269143,Climate,Climat
Équiterre,null,2016-10-04,269143,Climate,Climat
null,Canadian Climate Forum,2016-10-26,353906,Climate,Climate
null,Canadian Climate Forum,2016-10-18,353906,Climate,Climate
La Chambre de commerce du Canada,Canadian Chamber of Commerce,2016-10-06,15787,Climate,Climate
La Chambre de commerce du Canada,Canadian Chamber of Commerce,2016-10-24,15787,Climate,Climate
Association des produits forestiers du Canada,Forest Products Association of Canada,2016-11-07,136,Climate,Climate
null,ConocoPhillips Canada Resources Corp.,2016-10-13,225001,Climate,Climate
null,ConocoPhillips Canada Resources Corp.,2016-10-14,225001,Climate,Climate
Le Fonds Atmosphérique,The Atmospheric Fund,2016-10-04,358099,Climate,Climate
Le Fonds Atmosphérique,The Atmospheric Fund,2016-10-05,358099,Climate,Climate
Le Fonds Atmosphérique,The Atmospheric Fund,2016-10-13,358099,Climate,Climate
Le Fonds Atmosphérique,The Atmospheric Fund,2016-10-18,358099,Climate,Climate
null,NextEra Canada Development LP,2016-10-31,355387,Climate,Climate
null,Teck Resources Limited,2016-10-12,270204,Climate,Climate
null,Teck Resources Limited,2016-10-12,270204,Climate,Climate
null,Teck Resources Limited,2016-10-12,270204,Climate,Climate
Conseil du bâtiment durable du Canada.,Canada Green Building Council,2016-10-13,237921,Climate,Climate
A L'action,LeadNow Society,2016-10-24,318765,Climate,Climate
A L'action,LeadNow Society,2016-10-24,318765,Climate,Climate
A L'action,LeadNow Society,2016-10-24,318765,Climate,Climate
A L'action,LeadNow Society,2016-10-25,318765,Climate,Climate
A L'action,LeadNow Society,2016-10-25,318765,Climate,Climate
Alliance des manufacturiers et des exportateurs du Canada (MEC),Alliance of Manufacturers & Exporters Canada (CME),2016-10-13,15791,Climate,Climate
Alliance des manufacturiers et des exportateurs du Canada (MEC),Alliance of Manufacturers & Exporters Canada (CME),2016-10-18,15791,Climate,Climate
Suncor Énergie Inc.,Suncor Energy Inc.,2016-10-17,5215,Climate,Climate
Suncor Énergie Inc.,Suncor Energy Inc.,2016-10-18,5215,Climate,Climate
Suncor Énergie Inc.,Suncor Energy Inc.,2016-10-04,5215,Climate,Climate
Suncor Énergie Inc.,Suncor Energy Inc.,2016-10-25,5215,Climate,Climate
null,GREENPEACE CANADA,2016-10-26,61,Climate,Climate
Équiterre,null,2016-11-22,269143,Climate,Climat
Économie verte Canada,Green Economy Canada,2016-09-30,358730,Climate,Climate
Constructeurs mondiaux d'automobiles du Canada,Global Automakers of Canada,2016-12-05,394,Climate,Climate
Groupe PureSphera inc.,null,2016-11-22,358816,Climate,Climat
Équiterre,null,2016-11-09,269143,Climate,Climat
Équiterre,null,2016-12-02,269143,Climate,Climat
Équiterre,null,2016-11-15,269143,Climate,Climat
null,NextEra Canada Development LP,2016-11-07,355387,Climate,Climate
null,NextEra Canada Development LP,2016-11-08,355387,Climate,Climate
Le Fonds Atmosphérique,The Atmospheric Fund,2016-11-10,358099,Climate,Climate
Le Fonds Atmosphérique,The Atmospheric Fund,2016-11-18,358099,Climate,Climate
Conseil du bâtiment durable du Canada.,Canada Green Building Council,2016-11-01,237921,Climate,Climate
null,Rio Tinto Aluminium,2016-11-16,220101,Climate,Climate
Association Canadienne du Propane,Canadian Propane Association,2016-11-28,282264,Climate,Climate
Suncor Énergie Inc.,Suncor Energy Inc.,2016-11-25,5215,Climate,Climate
Suncor Énergie Inc.,Suncor Energy Inc.,2016-11-29,5215,Climate,Climate
null,Teck Resources Limited,2016-11-24,270204,Climate,Climate
null,Innergex Renewable Energy Inc.,2016-12-16,359098,Climate,Climate
null,"Covanta Burnaby Renewable Energy, ULC",2016-11-17,357516,Climate,Climate
null,"Covanta Burnaby Renewable Energy, ULC",2016-12-05,357516,Climate,Climate
null,"Covanta Burnaby Renewable Energy, ULC",2016-12-06,357516,Climate,Climate
null,Friends of the Greenbelt Foundation,2016-12-16,357438,Climate,Climate
Équiterre,null,2016-12-09,269143,Climate,Climat
null,GENERAL ELECTRIC CANADA,2016-12-22,4978,Climate,Climate
La Chambre de commerce du Canada,Canadian Chamber of Commerce,2016-12-14,15787,Climate,Climate
null,ENMAX Corporation,2016-12-01,15758,Climate,Climate
null,CircuitMeter,2017-01-06,358378,Climate,Climate
null,PEMBINA INSTITUTE,2016-12-05,4669,Climate,Climate
Association nucléaire canadienne,Canadian Nuclear Association,2016-12-13,5004,Climate,Climate
Conseil du bâtiment durable du Canada.,Canada Green Building Council,2016-12-13,237921,Climate,Climate
Le Fonds Atmosphérique,The Atmospheric Fund,2016-12-13,358099,Climate,Climate
Le Fonds Atmosphérique,The Atmospheric Fund,2016-12-22,358099,Climate,Climate
null,Repsol Oil & Gas Canada Inc.,2016-12-14,16086,Climate,Climate
null,Teck Resources Limited,2016-12-02,270204,Climate,Climate
Conseil du bâtiment durable du Canada.,Canada Green Building Council,2017-01-08,237921,Climate,Climate
Conseil du bâtiment durable du Canada.,Canada Green Building Council,2017-01-09,237921,Climate,Climate
null,Energy Storage Canada,2017-01-19,358175,Climate,Climate
null,S2E Technologies Inc.,2017-01-23,359103,Climate,Climate
null,S2E Technologies Inc.,2017-01-23,359103,Climate,Climate
null,S2E Technologies Inc.,2017-01-23,359103,Climate,Climate
null,S2E Technologies Inc.,2017-01-23,359103,Climate,Climate
null,"Canadian Solar (USA), Inc.",2017-01-30,358994,Climate,Climat
null,"Canadian Solar (USA), Inc.",2017-01-30,358994,Climate,Climat
null,"Canadian Solar (USA), Inc.",2017-01-30,358994,Climate,Climat
null,"Canadian Solar (USA), Inc.",2017-01-31,358994,Climate,Climat
null,"Canadian Solar (USA), Inc.",2017-01-31,358994,Climate,Climat
null,"Canadian Solar (USA), Inc.",2017-01-31,358994,Climate,Climat
null,"Canadian Solar (USA), Inc.",2017-01-31,358994,Climate,Climat
null,CircuitMeter,2017-02-02,358378,Climate,Climate
Équiterre,null,2017-01-31,269143,Climate,Climat
Le Fonds Atmosphérique,The Atmospheric Fund,2017-01-12,358099,Climate,Climate
Groupe PureSphera inc.,null,2017-02-14,358816,Climate,Climat
Bureau D'Assurance du Canada,Insurance Bureau of Canada,2017-01-06,357265,Climate,Climate
Bureau D'Assurance du Canada,Insurance Bureau of Canada,2017-01-27,357265,Climate,Climate
Bureau D'Assurance du Canada,Insurance Bureau of Canada,2017-01-30,357265,Climate,Climate
Conseil du bâtiment durable du Canada.,Canada Green Building Council,2017-01-27,237921,Climate,Climate
null,Teck Resources Limited,2017-01-31,270204,Climate,Climate
La Chambre de commerce du Canada,Canadian Chamber of Commerce,2017-02-28,15787,Climate,Climate
null,The Canadian Geothermal Energy Association (CanGEA),2017-02-27,358383,Climate,Climate
null,EcoJustice,2017-02-23,359259,Climate,Climate
null,Canadian Solar Industries Association,2017-03-06,359393,Climate,Climate
null,CircuitMeter,2017-03-06,358378,Climate,Climate
Équiterre,null,2017-02-06,269143,Climate,Climat
Équiterre,null,2017-02-24,269143,Climate,Climat
Équiterre,null,2017-02-06,269143,Climate,Climat
Équiterre,null,2017-02-06,269143,Climate,Climat
Équiterre,null,2017-02-06,269143,Climate,Climat
null,Sustainable Waterloo Region,2017-02-28,359303,Climate,Climate
null,Canadian Canola Growers Association,2017-02-16,358233,Climate,Climate
Le Fonds Atmosphérique,The Atmospheric Fund,2017-02-01,358099,Climate,Climate
Le Fonds Atmosphérique,The Atmospheric Fund,2017-02-22,358099,Climate,Climate
Conseil du bâtiment durable du Canada.,Canada Green Building Council,2017-02-02,237921,Climate,Climate
Conseil du bâtiment durable du Canada.,Canada Green Building Council,2017-02-08,237921,Climate,Climate
null,Council of Canadian Innovators,2017-02-15,357757,Climate,Climate
null,ENMAX Corporation,2017-02-24,15758,Climate,Climate
La Chambre de commerce du Canada,Canadian Chamber of Commerce,2017-02-27,15787,Climate,Climate
Suncor Énergie Inc.,Suncor Energy Inc.,2017-02-15,5215,Climate,Climate
A L'action,LeadNow Society,2016-11-23,318765,Climate,Climate
null,ALUS Canada,2017-04-06,357540,Climate,Climate
null,Canadian Natural Resources Limited,2017-04-04,286266,Climate,Climate
null,Canadian Natural Resources Limited,2017-04-04,286266,Climate,Climate
null,Sustainable Waterloo Region,2017-03-31,359303,Climate,Climate
Association Canadienne des Producteurs Pétroliers,Canadian Association of Petroleum Producers,2017-03-08,226641,Climate,Climate
null,Teck Resources Limited,2017-03-23,270204,Climate,Climate
null,Teck Resources Limited,2017-03-24,270204,Climate,Climate
null,Teck Resources Limited,2017-03-24,270204,Climate,Climate
null,Council of Canadian Innovators,2017-03-10,357757,Climate,Climate
null,Council of Canadian Innovators,2017-03-15,357757,Climate,Climate
null,Council of Canadian Innovators,2017-03-21,357757,Climate,Climate
null,Council of Canadian Innovators,2017-03-24,357757,Climate,Climate
Corporation Rain Tree,Raintree Corporation,2017-03-30,359554,Climate,Climat
Corporation Rain Tree,Raintree Corporation,2017-03-30,359554,Climate,Climat
Corporation Rain Tree,Raintree Corporation,2017-03-30,359554,Climate,Climat
Corporation Rain Tree,Raintree Corporation,2017-03-30,359554,Climate,Climat
Corporation Rain Tree,Raintree Corporation,2017-03-31,359554,Climate,Climat
null,Tesla Motors Canada ULC,2017-04-24,359655,Climate,Climate
null,Loblaw Companies Limited,2017-04-21,278084,Climate,Climate
Équiterre,null,2017-04-03,269143,Climate,Climat
Équiterre,null,2017-04-07,269143,Climate,Climat
Équiterre,null,2017-04-18,269143,Climate,Climat
null,NextEra Canada Development LP,2017-04-06,355387,Climate,Climate
null,NextEra Canada Development LP,2017-04-06,355387,Climate,Climate
Groupe Co-operators limitée,The Co-operators Group Ltd.,2017-04-04,5997,Climate,Climate
null,H2GO Canada Inc.,2017-04-27,359868,Climate,Climate
null,H2GO Canada Inc.,2017-04-27,359868,Climate,Climate
null,H2GO Canada Inc.,2017-04-27,359868,Climate,Climate
null,H2GO Canada Inc.,2017-04-27,359869,Climate,Climate
null,H2GO Canada Inc.,2017-04-27,359869,Climate,Climate
null,H2GO Canada Inc.,2017-04-27,359869,Climate,Climate
Conseil du bâtiment durable du Canada.,Canada Green Building Council,2017-04-12,237921,Climate,Climate
null,PEMBINA INSTITUTE,2017-04-24,4669,Climate,Climate
null,Tesla Motors Canada ULC,2017-05-17,359655,Climate,Climate
null,Tesla Motors Canada ULC,2017-05-17,359655,Climate,Climate
null,Tesla Motors Canada ULC,2017-05-17,359655,Climate,Climate
null,Tesla Motors Canada ULC,2017-05-17,359655,Climate,Climate
null,Tesla Motors Canada ULC,2017-05-17,359655,Climate,Climate
null,Natural Resources Defense Council,2017-04-25,357113,Climate,Climate
null,ConocoPhillips Canada Resources Corp.,2017-05-29,225001,Climate,Climate
Association des fabricants d'appareils électroménagers Canada,Association of Home Appliance Manufacturers Canada,2017-04-13,360006,Climate,Climate
Association canadienne de L'énergie éolienne,Canadian Wind Energy Association,2017-05-17,359798,Climate,Climate
Association canadienne de L'énergie éolienne,Canadian Wind Energy Association,2017-05-17,359798,Climate,Climate
Association canadienne de L'énergie éolienne,Canadian Wind Energy Association,2017-05-18,359798,Climate,Climate
Association canadienne de L'énergie éolienne,Canadian Wind Energy Association,2017-05-18,359798,Climate,Climate
Association canadienne de L'énergie éolienne,Canadian Wind Energy Association,2017-05-17,359798,Climate,Climate
null,MaRS Discovery District,2017-05-25,359144,Climate,Climate
null,MaRS Discovery District,2017-05-25,359144,Climate,Climate
Équiterre,null,2017-05-17,269143,Climate,Climat
null,North Atlantic Refinery Ltd.,2017-05-30,359865,Climate,Climate
null,North Atlantic Refinery Ltd.,2017-05-30,359865,Climate,Climate
null,NextEra Canada Development LP,2017-05-01,355387,Climate,Climate
null,ENMAX Corporation,2017-05-29,15758,Climate,Climate
null,ENMAX Corporation,2017-05-29,15758,Climate,Climate
null,Tesla Motors Canada ULC,2017-05-24,359655,Climate,Climate
null,Tesla Motors Canada ULC,2017-05-24,359655,Climate,Climate
null,"REPSOL, SA",2017-05-09,357697,Climate,Climate
Association canadienne des carburants,Canadian Fuels Association,2017-05-18,15673,Climate,Climate
Conseil du bâtiment durable du Canada.,Canada Green Building Council,2017-05-18,237921,Climate,Climate
null,Mosaic,2017-05-25,357805,Climate,Climate
null,Mosaic,2017-05-24,357805,Climate,Climate
Citoyens pour une politique juste,Citizens for Public Justice,2017-05-04,196,Climate,Climate
Citoyens pour une politique juste,Citizens for Public Justice,2017-05-09,196,Climate,Climate
Citoyens pour une politique juste,Citizens for Public Justice,2017-06-05,196,Climate,Climate
Citoyens pour une politique juste,Citizens for Public Justice,2017-06-16,196,Climate,Climate
Équiterre,null,2017-06-06,269143,Climate,Climat
Équiterre,null,2017-06-08,269143,Climate,Climat
Équiterre,null,2017-06-14,269143,Climate,Climat
null,NextEra Canada Development LP,2017-06-26,355387,Climate,Climate
null,NextEra Canada Development LP,2017-06-26,355387,Climate,Climate
null,Nova Scotia Power Incorporated,2017-06-27,223484,Climate,Climate
Conseil du bâtiment durable du Canada.,Canada Green Building Council,2017-06-14,237921,Climate,Climate
Conseil du bâtiment durable du Canada.,Canada Green Building Council,2017-06-28,237921,Climate,Climate
Conseil du bâtiment durable du Canada.,Canada Green Building Council,2017-06-29,237921,Climate,Climate
null,The International CCS Knowledge Centre,2017-06-28,359884,Climate,Climate
null,The International CCS Knowledge Centre,2017-06-28,359884,Climate,Climate
null,"Covanta Burnaby Renewable Energy, ULC",2017-06-14,357516,Climate,Climate
null,"Covanta Burnaby Renewable Energy, ULC",2017-06-14,357516,Climate,Climate
null,S2E Technologies Inc.,2017-06-20,360030,Climate,Climate
null,S2E Technologies Inc.,2017-06-20,360030,Climate,Climate
null,Canadian Natural Resources Limited,2017-07-20,286266,Climate,Climate
null,Canadian Natural Resources Limited,2017-07-20,286266,Climate,Climate
null,Canadian Natural Resources Limited,2017-07-20,286266,Climate,Climate
Toyota Canada Inc. (via Casacom),Toyota Canada Inc. (through Casacom),2017-07-04,360071,Climate,Climate
Toyota Canada Inc. (via Casacom),Toyota Canada Inc. (through Casacom),2017-07-27,360071,Climate,Climate
null,North Atlantic Refinery Ltd.,2017-07-25,359865,Climate,Climate
null,Tesla Motors Canada ULC,2017-07-17,359655,Climate,Climate
Suncor Énergie Inc.,Suncor Energy Inc.,2017-07-11,5215,Climate,Climate
Conseil du batiment durable au Canada,Canada Green Building Council,2017-08-30,357556,Climate,Climate
Association canadienne des carburants,Canadian Fuels Association,2017-08-31,15673,Climate,Climate
null,BUSINESS COUNCIL OF BRITISH COLUMBIA,2017-08-24,16634,Climate,Climate
null,Tesla Motors Canada ULC,2017-08-28,359655,Climate,Climate
null,Tesla Motors Canada ULC,2017-08-30,359655,Climate,Climate
Équiterre,null,2017-08-02,269143,Climate,Climat
Équiterre,null,2017-08-02,269143,Climate,Climat
Suncor Énergie Inc.,Suncor Energy Inc.,2017-08-23,5215,Climate,Climate
Conseil du bâtiment durable du Canada.,Canada Green Building Council,2017-08-30,237921,Climate,Climate
Conseil du bâtiment durable du Canada.,Canada Green Building Council,2017-08-31,237921,Climate,Climate
null,Sustainable Waterloo Region,2017-08-17,359303,Climate,Climate
null,Sustainable Waterloo Region,2017-08-23,359303,Climate,Climate
null,Sustainable Waterloo Region,2017-09-12,359303,Climate,Climate
null,Sustainable Waterloo Region,2017-09-12,359303,Climate,Climate
null,Canadian Natural Resources Limited,2017-09-26,286266,Climate,Climate
null,Federated Co-operatives Limited,2017-09-26,360549,Climate,Climate
null,North Atlantic Refinery Ltd.,2017-09-20,359865,Climate,Climate
null,North Atlantic Refinery Ltd.,2017-09-21,359865,Climate,Climate
Équiterre,null,2017-09-21,269143,Climate,Climat
Équiterre,null,2017-09-26,269143,Climate,Climat
null,BUSINESS COUNCIL OF BRITISH COLUMBIA,2017-09-28,16634,Climate,Climate
null,Tesla Motors Canada ULC,2017-10-11,359655,Climate,Climate
null,Tesla Motors Canada ULC,2017-10-05,359655,Climate,Climate
null,Tesla Motors Canada ULC,2017-09-28,359655,Climate,Climate
null,Canadian Natural Resources Limited,2017-10-06,286266,Climate,Climate
null,AltaGas Ltd.,2017-09-25,360352,Climate,Climate
null,AltaGas Ltd.,2017-09-26,360352,Climate,Climate
null,AltaGas Ltd.,2017-09-26,360352,Climate,Climate
Citoyens pour une politique juste,Citizens for Public Justice,2017-10-03,196,Climate,Climate
Citoyens pour une politique juste,Citizens for Public Justice,2017-10-17,196,Climate,Climate
null,Terra International (Canada) Inc.,2017-10-02,319385,Climate,Climate
Le Groupe Océan Inc.,Ocean Group Inc.,2017-10-17,360892,Climate,Climate
The Optical Society (OSA),The Optical Society (OSA),2017-10-19,360921,Climate,Climate
Association canadienne du ciment,Cement Association of Canada,2017-10-17,333106,Climate,Climate
Association canadienne du ciment,Cement Association of Canada,2017-10-17,333106,Climate,Climate
Association canadienne du ciment,Cement Association of Canada,2017-10-17,333106,Climate,Climate
Association canadienne du ciment,Cement Association of Canada,2017-10-17,333106,Climate,Climate
Association canadienne du ciment,Cement Association of Canada,2017-10-18,333106,Climate,Climate
Association des produits forestiers du Canada,Forest Products Association of Canada,2017-10-23,136,Climate,Climate
The Optical Society (OSA),The Optical Society (OSA),2017-10-19,360942,Climate,Climate
null,"Covanta Burnaby Renewable Energy, ULC",2017-11-02,357516,Climate,Climate
null,ConocoPhillips Canada Resources Corp.,2017-10-10,225001,Climate,Climate
null,Domtar Inc.,2017-10-17,358646,Climate,Climate
null,BHE Canada L.P.,2017-10-05,359448,Climate,Climate
null,MasonryWorx,2017-10-17,357526,Climate,Climate
null,MasonryWorx,2017-10-17,357526,Climate,Climate
null,MasonryWorx,2017-10-18,357526,Climate,Climate
null,MasonryWorx,2017-10-18,357526,Climate,Climate
null,Canadian Canola Growers Association,2017-11-07,358233,Climate,Climate
null,NextEra Canada Development LP,2017-10-26,355387,Climate,Climate
Conseil du bâtiment durable du Canada.,Canada Green Building Council,2017-10-19,237921,Climate,Climate
Conseil du bâtiment durable du Canada.,Canada Green Building Council,2017-10-20,237921,Climate,Climate
null,Samsung Renewable Energy Inc.,2017-10-17,360320,Climate,Climate
null,Agrisoma Biosciences Inc.,2017-10-16,360796,Climate,Climate
null,Tesla Motors Canada ULC,2017-10-10,359655,Climate,Climate
null,Nsolv Corporation,2017-10-26,360900,Climate,Climate
null,Nsolv Corporation,2017-10-26,360900,Climate,Climate
null,Nsolv Corporation,2017-10-26,360900,Climate,Climate
Équiterre,null,2017-10-16,269143,Climate,Climat
Équiterre,null,2017-10-25,269143,Climate,Climat
null,Nsolv Corporation,2017-10-26,360833,Climate,Climate
Mobilité Électrique Canada,Electric Mobility Canada,2017-09-25,360416,Climate,Climate
Mobilité Électrique Canada,Electric Mobility Canada,2017-11-07,360416,Climate,Climate
Mobilité Électrique Canada,Electric Mobility Canada,2017-10-11,360416,Climate,Climate
Lobby Climatique des Citoyens,Citizens' Climate Lobby Canada,2017-10-23,360933,Climate,Climate
Lobby Climatique des Citoyens,Citizens' Climate Lobby Canada,2017-10-23,360933,Climate,Climate
Lobby Climatique des Citoyens,Citizens' Climate Lobby Canada,2017-10-12,360933,Climate,Climate
Lobby Climatique des Citoyens,Citizens' Climate Lobby Canada,2017-10-24,360933,Climate,Climate
Lobby Climatique des Citoyens,Citizens' Climate Lobby Canada,2017-10-24,360933,Climate,Climate
Lobby Climatique des Citoyens,Citizens' Climate Lobby Canada,2017-10-24,360933,Climate,Climate
Lobby Climatique des Citoyens,Citizens' Climate Lobby Canada,2017-10-23,360933,Climate,Climate
L'association minière du Canada (AMC),The Mining Association of Canada (MAC),2017-10-11,12699,Climate,Climate
null,Tesla Motors Canada ULC,2017-11-29,359655,Climate,Climate
null,Tesla Motors Canada ULC,2017-11-29,359655,Climate,Climate
null,Tesla Motors Canada ULC,2017-11-29,359655,Climate,Climate
null,Tesla Motors Canada ULC,2017-11-16,359655,Climate,Climate
Équiterre,null,2017-11-06,269143,Climate,Climat
Équiterre,null,2017-11-30,269143,Climate,Climat
null,KRUGER INC.,2017-12-12,4373,Climate,Climate
null,Canadian Natural Resources Limited,2017-11-07,286266,Climate,Climate
null,Canadian Natural Resources Limited,2017-11-07,286266,Climate,Climate
null,Canadian Natural Resources Limited,2017-11-07,286266,Climate,Climate
null,Canadian Natural Resources Limited,2017-11-07,286266,Climate,Climate
null,Canadian Natural Resources Limited,2017-11-07,286266,Climate,Climate
null,Canadian Natural Resources Limited,2017-11-07,286266,Climate,Climate
null,Mosaic,2017-11-24,357805,Climate,Climate
null,Rio Tinto Aluminium,2017-11-01,220101,Climate,Climate
null,Rio Tinto Aluminium,2017-11-01,220101,Climate,Climate
null,Federated Co-operatives Limited,2017-12-01,360549,Climate,Climate
Laboratoires Nucléaires Canadiens,Canadian Nuclear Laboratories,2017-12-07,360579,Climate,Climate
Suncor Énergie Inc.,Suncor Energy Inc.,2017-12-12,5215,Climate,Climate
null,Tesla Motors Canada ULC,2017-12-05,359655,Climate,Climate
null,Tesla Motors Canada ULC,2017-12-08,359655,Climate,Climate
null,"IATSE (International Alliance of Theatrical Stage Employees, Moving Picture Technicians, Artists and Allied Crafts of the United States, its Territories and Canada)",2018-01-10,330086,Climate,Climate
Conseil du bâtiment durable du Canada.,Canada Green Building Council,2017-12-12,237921,Climate,Climate
Équiterre,null,2017-12-20,269143,Climate,Climat
AIEST - Alliance Internationale des Employes de Scene et de Theatre,IATSE - International Alliance of Theatrical Stage Employees,2018-01-10,273726,Climate,Climate
null,EcoJustice,2018-01-22,359259,Climate,Climate
CONOCO PHILLIPS CANADA,CONOCO PHILLIPS CANADA,2018-01-12,360919,Climate,Climate
null,Federated Co-operatives Limited,2018-01-09,360549,Climate,Climate
null,Federated Co-operatives Limited,2018-01-17,360549,Climate,Climate
null,Federated Co-operatives Limited,2018-01-19,360549,Climate,Climate
null,Federated Co-operatives Limited,2018-01-23,360549,Climate,Climate
null,Sustainable Waterloo Region,2018-01-30,359303,Climate,Climate
null,Sustainable Waterloo Region,2018-01-30,359303,Climate,Climate
null,Sustainable Waterloo Region,2018-01-30,359303,Climate,Climate
null,Sustainable Waterloo Region,2018-01-30,359303,Climate,Climate
null,Sustainable Waterloo Region,2018-01-31,359303,Climate,Climate
null,Tesla Motors Canada ULC,2018-01-22,359655,Climate,Climate
Toyota Canada Inc. (via Casacom),Toyota Canada Inc. (through Casacom),2018-01-12,360708,Climate,Climate
null,Tesla Motors Canada ULC,2018-01-17,359655,Climate,Climate
Conseil du bâtiment durable du Canada.,Canada Green Building Council,2018-01-11,237921,Climate,Climate
Evidence pour la democratie,Evidence for Democracy,2018-01-17,344911,Climate,Climate
Evidence pour la democratie,Evidence for Democracy,2018-01-24,344911,Climate,Climate
Evidence pour la democratie,Evidence for Democracy,2018-01-30,344911,Climate,Climate
Evidence pour la democratie,Evidence for Democracy,2018-01-19,344911,Climate,Climate
Evidence pour la democratie,Evidence for Democracy,2018-02-15,344911,Climate,Climate
null,Sustainable Waterloo Region,2018-01-31,361110,Climate,Climate
Mobilité Électrique Canada,Electric Mobility Canada,2018-02-01,360416,Climate,Climate
Mobilité Électrique Canada,Electric Mobility Canada,2018-02-01,360416,Climate,Climate
Mobilité Électrique Canada,Electric Mobility Canada,2018-02-01,360416,Climate,Climate
Lobby Climatique des Citoyens,Citizens' Climate Lobby Canada,2018-02-23,360933,Climate,Climate
Lobby Climatique des Citoyens,Citizens' Climate Lobby Canada,2018-02-24,360933,Climate,Climate
null,Domtar Inc.,2018-02-16,358646,Climate,Climate
null,Natural Resources Defense Council,2018-02-01,357113,Climate,Climate
null,Natural Resources Defense Council,2018-02-01,357113,Climate,Climate
null,Natural Resources Defense Council,2018-02-01,357113,Climate,Climate
null,Natural Resources Defense Council,2018-02-01,357113,Climate,Climate
Équiterre,null,2018-02-06,269143,Climate,Climat
Équiterre,null,2018-02-18,269143,Climate,Climat
Équiterre,null,2018-02-20,269143,Climate,Climat
Équiterre,null,2018-02-28,269143,Climate,Climat
null,Federated Co-operatives Limited,2018-02-08,360549,Climate,Climate
null,Federated Co-operatives Limited,2018-02-12,360549,Climate,Climate
null,Federated Co-operatives Limited,2018-02-23,360549,Climate,Climate
null,Clean Resource Innovation Network,2018-02-06,360409,Climate,Climate
null,The International CCS Knowledge Centre,2018-02-21,359884,Climate,Climate
null,The International CCS Knowledge Centre,2018-02-27,359884,Climate,Climate
null,NextEra Canada Development LP,2018-02-27,355387,Climate,Climate
null,NextEra Canada Development LP,2018-02-26,355387,Climate,Climate
Industries Renouvelables Canada,Renewable Industries Canada,2018-02-26,357255,Climate,Climate
null,The Pollution Probe Foundation,2018-02-15,244722,Climate,Climate
Conseil du bâtiment durable du Canada.,Canada Green Building Council,2018-02-26,237921,Climate,Climate
null,Michelin North America (Canada) Inc.,2018-03-21,361784,Climate,Climate
Association canadienne de L'hydroélectricité,Canadian Hydropower Association,2018-03-21,268603,Climate,Climate
null,Canadian Solar Industries Association,2018-03-23,359393,Climate,Climate
null,Energy Storage Canada,2018-03-23,358175,Climate,Climate
null,Sustainable Waterloo Region,2018-03-15,359303,Climate,Climate
Équiterre,null,2018-03-27,269143,Climate,Climat
Équiterre,null,2018-03-27,269143,Climate,Climat
null,Federated Co-operatives Limited,2018-03-01,360549,Climate,Climate
null,Federated Co-operatives Limited,2018-03-01,360549,Climate,Climate
null,Federated Co-operatives Limited,2018-03-23,360549,Climate,Climate
null,Canadian Natural Resources Limited,2018-03-01,286266,Climate,Climate
null,Canadian Natural Resources Limited,2018-03-01,286266,Climate,Climate
null,Canadian Natural Resources Limited,2018-03-01,286266,Climate,Climate
Conseil du bâtiment durable du Canada.,Canada Green Building Council,2018-03-09,237921,Climate,Climate
null,Tesla Motors Canada ULC,2018-03-21,359655,Climate,Climate
null,Carbon Engineering Ltd.,2018-03-08,361156,Climate,Climate
null,Tesla Motors Canada ULC,2018-03-22,359655,Climate,Climate
null,Carbon Engineering Ltd.,2018-03-08,361156,Climate,Climate
null,Carbon Engineering Ltd.,2018-03-08,361156,Climate,Climate
null,Carbon Engineering Ltd.,2018-03-08,361156,Climate,Climate
null,Carbon Engineering Ltd.,2018-03-14,361156,Climate,Climate
null,Carbon Engineering Ltd.,2018-03-14,361156,Climate,Climate
null,Nova Scotia Power Incorporated,2018-03-21,223484,Climate,Climate
null,NextEra Canada Development LP,2018-03-27,355387,Climate,Climate
Association canadienne des carburants,Canadian Fuels Association,2018-03-12,15673,Climate,Climate
null,Energy Storage Canada,2018-04-18,358175,Climate,Climate
null,Canadian Canola Growers Association,2018-04-17,358233,Climate,Climate
Équiterre,null,2018-04-17,269143,Climate,Climat
Équiterre,null,2018-04-17,269143,Climate,Climat
Équiterre,null,2018-04-17,269143,Climate,Climat
Équiterre,null,2018-04-24,269143,Climate,Climat
Équiterre,null,2018-04-04,269143,Climate,Climat
null,"Proterra, Inc.",2018-04-24,361813,Climate,Climate
null,"Proterra, Inc.",2018-04-25,361813,Climate,Climate
null,"Proterra, Inc.",2018-04-25,361813,Climate,Climate
null,Energy Storage Canada,2018-05-04,358175,Climate,Climate
Association canadienne des carburants,Canadian Fuels Association,2018-04-25,15673,Climate,Climate
Association canadienne des carburants,Canadian Fuels Association,2018-04-05,15673,Climate,Climate
Association canadienne des carburants,Canadian Fuels Association,2018-04-05,15673,Climate,Climate
Association canadienne des carburants,Canadian Fuels Association,2018-04-11,15673,Climate,Climate
Association canadienne des carburants,Canadian Fuels Association,2018-04-10,15673,Climate,Climate
Association canadienne des carburants,Canadian Fuels Association,2018-04-11,15673,Climate,Climate
null,Tesla Motors Canada ULC,2018-04-25,359655,Climate,Climate
null,Tesla Motors Canada ULC,2018-04-17,359655,Climate,Climate
null,Tesla Motors Canada ULC,2018-04-19,359655,Climate,Climate
null,Tesla Motors Canada ULC,2018-04-03,359655,Climate,Climate
null,S2E Technologies Inc.,2018-04-25,360030,Climate,Climate
Comptables professionnels agréés du Canada (CPA Canada),Chartered Professional Accountants of Canada (CPA Canada),2018-04-16,13682,Climate,Climate
Toyota Canada Inc. (via Casacom),Toyota Canada Inc. (through Casacom),2018-04-23,360708,Climate,Climate
null,Teck Resources Limited,2018-04-25,270204,Climate,Climate
null,Carbon Engineering Ltd.,2018-04-26,361156,Climate,Climate
null,Carbon Engineering Ltd.,2018-04-26,361156,Climate,Climate
L'association minière du Canada (AMC),The Mining Association of Canada (MAC),2018-04-04,12699,Climate,Climate
Mobilité Électrique Canada,Electric Mobility Canada,2018-04-25,360416,Climate,Climate
Mobilité Électrique Canada,Electric Mobility Canada,2018-04-25,360416,Climate,Climate
Mobilité Électrique Canada,Electric Mobility Canada,2018-04-25,360416,Climate,Climate
null,Federated Co-operatives Limited,2018-04-05,360549,Climate,Climate
null,Federated Co-operatives Limited,2018-04-17,360549,Climate,Climate
null,Federated Co-operatives Limited,2018-04-17,360549,Climate,Climate
null,EcoJustice,2018-05-22,359259,Climate,Climate
null,EcoJustice,2018-05-24,359259,Climate,Climate
null,Federated Co-operatives Limited,2018-05-30,362265,Climate,Climate
null,Domtar Inc.,2018-05-31,358646,Climate,Climate
null,Innergex Renewable Energy Inc.,2018-06-05,352826,Climate,Climate
null,Innergex Renewable Energy Inc.,2018-06-05,352826,Climate,Climate
null,Tesla Motors Canada ULC,2018-05-22,359655,Climate,Climate
Équiterre,null,2018-05-22,269143,Climate,Climat
null,Federated Co-operatives Limited,2018-05-30,360549,Climate,Climate
null,Federated Co-operatives Limited,2018-05-30,360549,Climate,Climate
null,Federated Co-operatives Limited,2018-05-30,360549,Climate,Climate
null,Federated Co-operatives Limited,2018-05-30,360549,Climate,Climate
null,Naikun Wind Energy Group Inc.,2018-06-05,362156,Climate,Climate
null,Naikun Wind Energy Group Inc.,2018-06-05,362156,Climate,Climate
null,Naikun Wind Energy Group Inc.,2018-06-05,362156,Climate,Climate
Le Fonds Atmosphérique,The Atmospheric Fund,2018-05-04,358099,Climate,Climate
null,The International CCS Knowledge Centre,2018-05-24,359884,Climate,Climate
null,The International CCS Knowledge Centre,2018-05-24,359884,Climate,Climate
null,Heritage Gas Limited,2018-05-14,360428,Climate,Climate
Association canadienne des carburants,Canadian Fuels Association,2018-05-11,15673,Climate,Climate
null,Private Forest Landowners Association,2018-05-01,362368,Climate,Climate
Biocarburants avances Canada,Advanced Biofuels Canada,2018-05-03,359426,Climate,Climate
null,CHAR Technologies,2018-05-31,360088,Climate,Climate
null,Nova Scotia Power Incorporated,2018-05-29,223484,Climate,Climate
Association canadienne de L'hydroélectricité,Canadian Hydropower Association,2018-05-03,268603,Climate,Climate
Association canadienne de L'hydroélectricité,Canadian Hydropower Association,2018-05-30,268603,Climate,Climate
null,Federated Co-operatives Limited,2018-06-20,360549,Climate,Climate
null,Federated Co-operatives Limited,2017-09-25,360549,Climate,Climate
null,North Atlantic Refinery Ltd.,2018-06-08,359865,Climate,Climate
null,North Atlantic Refinery Ltd.,2018-06-08,359865,Climate,Climate
null,North Atlantic Refinery Ltd.,2018-06-19,359865,Climate,Climate
null,North Atlantic Refinery Ltd.,2018-07-06,359865,Climate,Climate
Association canadienne des carburants,Canadian Fuels Association,2018-06-26,15673,Climate,Climate
Équiterre,null,2017-05-16,269143,Climate,Climat
null,Samsung Renewable Energy Inc.,2018-06-20,360320,Climate,Climate
Mobilité Électrique Canada,Electric Mobility Canada,2018-06-01,360416,Climate,Climate
Mobilité Électrique Canada,Electric Mobility Canada,2018-06-26,360416,Climate,Climate
Mobilité Électrique Canada,Electric Mobility Canada,2018-06-26,360416,Climate,Climate
Mobilité Électrique Canada,Electric Mobility Canada,2018-06-26,360416,Climate,Climate
null,Heritage Gas Limited,2018-06-08,360428,Climate,Climate
Mobilité Électrique Canada,Electric Mobility Canada,2018-06-26,360416,Climate,Climate
Mobilité Électrique Canada,Electric Mobility Canada,2018-06-26,360416,Climate,Climate
null,Heritage Gas Limited,2018-06-20,360428,Climate,Climate
null,Tesla Motors Canada ULC,2018-06-26,359655,Climate,Climate
null,Tesla Motors Canada ULC,2018-06-21,359655,Climate,Climate
null,TNC Canada,2018-06-13,362005,Climate,Climate
null,Carbon Engineering Ltd.,2018-06-14,361156,Climate,Climate
Greengate Power Corporation,Greengate Power Corporation,2018-06-19,362331,Climate,Climate
null,Plastics Sustainability Coalition,2018-06-19,362052,Climate,Climate
null,Plastics Sustainability Coalition,2018-06-19,362052,Climate,Climate
null,Plastics Sustainability Coalition,2018-06-19,362052,Climate,Climate
null,Plastics Sustainability Coalition,2018-06-19,362052,Climate,Climate
null,Plastics Sustainability Coalition,2018-06-20,362052,Climate,Climate
null,EcoJustice,2018-07-13,359259,Climate,Climate
null,EcoJustice,2018-07-13,359259,Climate,Climate
null,Energy Storage Canada,2018-07-12,358175,Climate,Climate
null,Loblaw Companies Limited,2018-07-18,278084,Climate,Climate
null,General Fusion Inc,2018-03-29,362456,Climate,Climate
null,General Fusion Inc,2018-03-29,362456,Climate,Climate
null,General Fusion Inc,2018-04-05,362456,Climate,Climate
null,General Fusion Inc,2018-04-26,362456,Climate,Climate
null,General Fusion Inc,2018-06-24,362456,Climate,Climate
null,General Fusion Inc,2018-06-25,362456,Climate,Climate
null,General Fusion Inc,2018-06-25,362456,Climate,Climate
null,General Fusion Inc,2018-06-27,362456,Climate,Climate
null,General Fusion Inc,2018-06-28,362456,Climate,Climate
null,EcoJustice,2018-07-24,359259,Climate,Climate
Greengate Power Corporation,Greengate Power Corporation,2018-07-06,362331,Climate,Climate
null,Mohawk College,2018-07-19,357795,Climate,Climate
null,Federated Co-operatives Limited,2018-07-13,360549,Climate,Climate
null,Federated Co-operatives Limited,2018-07-19,360549,Climate,Climate
null,Federated Co-operatives Limited,2018-07-10,360549,Climate,Climate
null,Federated Co-operatives Limited,2018-07-10,360549,Climate,Climate
Le Fonds Atmosphérique,The Atmospheric Fund,2018-07-30,358099,Climate,Climate
Toyota Canada Inc. (via Casacom),Toyota Canada Inc. (through Casacom),2018-07-04,360708,Climate,Climate
null,Tesla Motors Canada ULC,2018-07-12,359655,Climate,Climate
null,Tesla Motors Canada ULC,2018-07-31,359655,Climate,Climate
null,General Fusion Inc,2018-07-27,362456,Climate,Climate
null,General Fusion Inc,2018-08-04,362456,Climate,Climate
null,Canadian Natural Resources Limited,2018-07-05,286266,Climate,Climate
Centre québécois du droit de L'environnement,Quebec Center for Environmental Law,2018-07-27,362023,Climate,Climat
null,General Fusion Inc,2018-08-15,362456,Climate,Climate
null,General Fusion Inc,2018-08-16,362456,Climate,Climate
Reseau Action Climat Canada,Climate Action Network Canada,2018-07-03,279744,Climate,Climate
Reseau Action Climat Canada,Climate Action Network Canada,2018-08-06,279744,Climate,Climate
Reseau Action Climat Canada,Climate Action Network Canada,2018-08-09,279744,Climate,Climate
null,Canadian Natural Resources Limited,2018-07-09,286266,Climate,Climate
Reseau Action Climat Canada,Climate Action Network Canada,2018-08-14,279744,Climate,Climate
null,Carbon Engineering Ltd.,2018-07-27,361156,Climate,Climate
null,Federated Co-operatives Limited,2018-07-19,360549,Climate,Climate
null,Federated Co-operatives Limited,2018-07-17,360549,Climate,Climate
Reseau Action Climat Canada,Climate Action Network Canada,2018-08-24,279744,Climate,Climate
Reseau Action Climat Canada,Climate Action Network Canada,2018-08-13,279744,Climate,Climate
Reseau Action Climat Canada,Climate Action Network Canada,2018-08-28,279744,Climate,Climate
Reseau Action Climat Canada,Climate Action Network Canada,2018-08-29,279744,Climate,Climate
Reseau Action Climat Canada,Climate Action Network Canada,2018-09-04,279744,Climate,Climate
null,Tesla Motors Canada ULC,2018-08-28,359655,Climate,Climate
null,Tesla Motors Canada ULC,2018-08-28,359655,Climate,Climate
null,Tesla Motors Canada ULC,2018-08-31,359655,Climate,Climate
null,Tesla Motors Canada ULC,2018-08-01,359655,Climate,Climate
null,Tesla Motors Canada ULC,2018-08-30,359655,Climate,Climate
null,Federated Co-operatives Limited,2018-08-14,360549,Climate,Climate
null,Federated Co-operatives Limited,2018-08-14,360549,Climate,Climate
null,Federated Co-operatives Limited,2018-08-15,360549,Climate,Climate
null,Federated Co-operatives Limited,2018-08-15,360549,Climate,Climate
null,The International CCS Knowledge Centre,2018-08-20,359884,Climate,Climate
null,The International CCS Knowledge Centre,2018-08-20,359884,Climate,Climate
null,Canadian Natural Resources Limited,2018-08-16,286266,Climate,Climate
null,Canadian Natural Resources Limited,2018-08-16,286266,Climate,Climate
Association canadienne des carburants,Canadian Fuels Association,2018-08-15,15673,Climate,Climate
null,Inter Pipeline Ltd.,2018-08-23,358783,Climate,Climate
Centre québécois du droit de L'environnement,Quebec Center for Environmental Law,2018-08-08,362023,Climate,Climat
null,Federated Co-operatives Limited,2018-09-14,362265,Climate,Climate
null,Federated Co-operatives Limited,2018-09-14,362265,Climate,Climate
null,Electricity Distributors Association,2018-09-24,362902,Climate,Climate
null,Electricity Distributors Association,2018-09-24,362902,Climate,Climate
null,Tesla Motors Canada ULC,2018-09-04,359655,Climate,Climate
null,Tesla Motors Canada ULC,2018-09-15,359655,Climate,Climate
null,Federated Co-operatives Limited,2018-09-14,360549,Climate,Climate
null,Federated Co-operatives Limited,2018-09-14,360549,Climate,Climate
null,Federated Co-operatives Limited,2018-09-14,360549,Climate,Climate
null,Federated Co-operatives Limited,2018-09-14,360549,Climate,Climate
null,Federated Co-operatives Limited,2018-09-11,360549,Climate,Climate
L'Eglise Unie du Canada,The United Church of Canada,2018-09-07,310665,Climate,Climate
null,NextEra Canada Development LP,2018-09-25,355387,Climate,Climate
null,Federated Co-operatives Limited,2018-09-11,360549,Climate,Climate
Greengate Power Corporation,Greengate Power Corporation,2018-09-25,362331,Climate,Climate
Suncor Énergie Inc.,Suncor Energy Inc.,2018-09-13,5215,Climate,Climate
null,BUSINESS COUNCIL OF BRITISH COLUMBIA,2018-09-05,16634,Climate,Climate
null,Dow Chemical Canada ULC,2018-10-29,361393,Climate,Climate
Lobby Climatique des Citoyens,Citizens' Climate Lobby Canada,2018-10-15,360933,Climate,Climate
Lobby Climatique des Citoyens,Citizens' Climate Lobby Canada,2018-10-15,360933,Climate,Climate
Lobby Climatique des Citoyens,Citizens' Climate Lobby Canada,2018-10-15,360933,Climate,Climate
Lobby Climatique des Citoyens,Citizens' Climate Lobby Canada,2018-10-15,360933,Climate,Climate
Lobby Climatique des Citoyens,Citizens' Climate Lobby Canada,2018-10-16,360933,Climate,Climate
Lobby Climatique des Citoyens,Citizens' Climate Lobby Canada,2018-10-16,360933,Climate,Climate
Lobby Climatique des Citoyens,Citizens' Climate Lobby Canada,2018-10-15,360933,Climate,Climate
Lobby Climatique des Citoyens,Citizens' Climate Lobby Canada,2018-10-15,360933,Climate,Climate
Lobby Climatique des Citoyens,Citizens' Climate Lobby Canada,2018-10-16,360933,Climate,Climate
Lobby Climatique des Citoyens,Citizens' Climate Lobby Canada,2018-09-05,360933,Climate,Climate
L'Association des administrations portuaires canadiennes,Association of Canadian Port Authorities (ACPA),2018-10-25,359264,Climate,Climate
Association canadienne de L'hydroélectricité,Canadian Hydropower Association,2018-09-27,268603,Climate,Climate
null,Walker Environmental Group Inc.,2018-11-06,363151,Climate,Climate
null,Walker Environmental Group Inc.,2018-11-06,363151,Climate,Climate
null,Walker Environmental Group Inc.,2018-11-06,363150,Climate,Climate
null,Walker Environmental Group Inc.,2018-11-07,363150,Climate,Climate
Équiterre,null,2018-10-09,269143,Climate,Climat
Équiterre,null,2018-10-11,269143,Climate,Climat
Équiterre,null,2018-10-11,269143,Climate,Climat
Équiterre,null,2018-10-18,269143,Climate,Climat
Équiterre,null,2018-10-18,269143,Climate,Climat
